date_time,branch,commit,file,size_bytes
2023-02-06T17:04:46+00:00,engine-size,10ff1438a82930e61f93b23001e5f566e212e0b6,query-engine,16954136
2023-02-06T17:04:46+00:00,engine-size,10ff1438a82930e61f93b23001e5f566e212e0b6,libquery_engine.node,14707008
2023-02-06T18:33:27+00:00,engine-size,7caf835a5b4af868acac4dd362671f8aaa15cf54,query-engine,16945944
2023-02-06T18:33:27+00:00,engine-size,7caf835a5b4af868acac4dd362671f8aaa15cf54,libquery_engine.node,14707008
2023-02-07T00:24:53+00:00,engine-size,7eca6f478bd12392c056bfa7ba26d306e114c4c6,query-engine,16925464
2023-02-07T00:24:53+00:00,engine-size,7eca6f478bd12392c056bfa7ba26d306e114c4c6,libquery_engine.node,14698816
2023-02-07T17:14:50+00:00,engine-size,3d8b7c90d7d2c8025b5431ef19e8ee6cb32255b0,query-engine,16925464
2023-02-07T17:14:50+00:00,engine-size,3d8b7c90d7d2c8025b5431ef19e8ee6cb32255b0,libquery_engine.node,14698816
2023-02-08T15:38:20+00:00,engine-size,98b1b27b2e5941221b7b5ad49e869b2b9e9a09b0,query-engine,16913176
2023-02-08T15:38:20+00:00,engine-size,98b1b27b2e5941221b7b5ad49e869b2b9e9a09b0,libquery_engine.node,14674240
2023-02-08T15:50:33+00:00,engine-size,86e95ac656204f4786e5dfcd904e9c1edaa5f841,query-engine,16913176
2023-02-08T15:50:33+00:00,engine-size,86e95ac656204f4786e5dfcd904e9c1edaa5f841,libquery_engine.node,14674240
2023-02-08T15:54:46+00:00,engine-size,c5d27797c4695e26d2c82dfc4e7e4acaf414ffac,query-engine,16913176
2023-02-08T15:54:46+00:00,engine-size,c5d27797c4695e26d2c82dfc4e7e4acaf414ffac,libquery_engine.node,14674240
2023-02-08T17:20:18+00:00,engine-size,1ecb10c98f264b0128f28bbe53d420d27088953d,query-engine,16913176
2023-02-08T17:20:18+00:00,engine-size,1ecb10c98f264b0128f28bbe53d420d27088953d,libquery_engine.node,14674240
2023-02-09T12:24:22+00:00,main,c9e2753d8def40b31122dcf4bc00f5c71c4af4c8,query-engine,16925464
2023-02-09T12:24:22+00:00,main,c9e2753d8def40b31122dcf4bc00f5c71c4af4c8,libquery_engine.node,14686528
2023-02-09T17:13:04+00:00,main,8b89135f4742dac33e5ed15d4af6bba9fee35178,query-engine,16917272
2023-02-09T17:13:04+00:00,main,8b89135f4742dac33e5ed15d4af6bba9fee35178,libquery_engine.node,14678336
2023-02-10T05:29:16+00:00,main,c3d3edef7e3fdf345e1fe02bb05e11b178c08bb9,query-engine,16913176
2023-02-10T05:29:16+00:00,main,c3d3edef7e3fdf345e1fe02bb05e11b178c08bb9,libquery_engine.node,14670144
2023-02-10T09:40:36+00:00,main,30f597a7ed454723098a9a70c861ef7e78b34f8a,query-engine,16913176
2023-02-10T09:40:36+00:00,main,30f597a7ed454723098a9a70c861ef7e78b34f8a,libquery_engine.node,14670144
2023-02-10T09:56:49+00:00,main,8f5863f6aa18c218e4315b3010d9ec0e9fd1252b,query-engine,16913176
2023-02-10T09:56:49+00:00,main,8f5863f6aa18c218e4315b3010d9ec0e9fd1252b,libquery_engine.node,14670144
2023-02-10T09:58:29+00:00,main,2edacdbacac6130e2d938ac773a5a409f7cfc988,query-engine,16913176
2023-02-10T09:58:29+00:00,main,2edacdbacac6130e2d938ac773a5a409f7cfc988,libquery_engine.node,14670144
2023-02-10T10:18:54+00:00,main,0937fdbd946bc3190ae524ec84272a415c6f8949,query-engine,16913176
2023-02-10T10:18:54+00:00,main,0937fdbd946bc3190ae524ec84272a415c6f8949,libquery_engine.node,14670144
2023-02-10T12:21:27+00:00,main,33cedf2799be21c2caa826e7972f6b0053b9b457,query-engine,16904984
2023-02-10T12:21:27+00:00,main,33cedf2799be21c2caa826e7972f6b0053b9b457,libquery_engine.node,14661952
2023-02-10T12:22:54+00:00,main,3ece1553bdf136293dc5562c5ddfd3051028dbe4,query-engine,16904984
2023-02-10T12:22:54+00:00,main,3ece1553bdf136293dc5562c5ddfd3051028dbe4,libquery_engine.node,14661952
2023-02-10T16:22:15+00:00,main,72a5d0e5c0fb251c9ad8f37d6b682372bb5f2463,query-engine,16904984
2023-02-10T16:22:15+00:00,main,72a5d0e5c0fb251c9ad8f37d6b682372bb5f2463,libquery_engine.node,14661952
2023-02-12T19:05:43+00:00,main,4dea9984d13e9fecbb3c4cad08dddc9a36f17775,query-engine,16904984
2023-02-12T19:05:43+00:00,main,4dea9984d13e9fecbb3c4cad08dddc9a36f17775,libquery_engine.node,14661952
2023-02-13T16:15:49+00:00,main,1f2d45908d671ccbc5329131ec18665c16cc0cdd,query-engine,16904984
2023-02-13T16:15:49+00:00,main,1f2d45908d671ccbc5329131ec18665c16cc0cdd,libquery_engine.node,14661952
2023-02-15T11:58:48+00:00,main,06d16a5cba6ba39bdbd35d2a27a49de6f84ead3f,query-engine,16909080
2023-02-15T11:58:48+00:00,main,06d16a5cba6ba39bdbd35d2a27a49de6f84ead3f,libquery_engine.node,14661952
2023-02-15T14:48:26+00:00,main,1930990e330e6d756a3a360fdde6566a653b8ba8,query-engine,16900888
2023-02-15T14:48:26+00:00,main,1930990e330e6d756a3a360fdde6566a653b8ba8,libquery_engine.node,14653760
2023-02-16T10:42:26+00:00,main,37f1dc4d84ceda051a74be3221d44927f0e4404f,query-engine,16900888
2023-02-16T10:42:26+00:00,main,37f1dc4d84ceda051a74be3221d44927f0e4404f,libquery_engine.node,14653760
2023-02-16T10:43:21+00:00,main,af9e8736599c632f1f7550e48d59eb19d34bfa0e,query-engine,16900888
2023-02-16T10:43:21+00:00,main,af9e8736599c632f1f7550e48d59eb19d34bfa0e,libquery_engine.node,14653760
2023-02-16T12:38:29+00:00,main,fdbec29007efbf61daa537f1e4345815401600ac,query-engine,16900888
2023-02-16T12:38:29+00:00,main,fdbec29007efbf61daa537f1e4345815401600ac,libquery_engine.node,14653760
2023-02-16T12:39:39+00:00,main,cb65d78d04bbb4ee83c2ba4a57c5f0b64689d03c,query-engine,16900888
2023-02-16T12:39:39+00:00,main,cb65d78d04bbb4ee83c2ba4a57c5f0b64689d03c,libquery_engine.node,14653760
2023-02-16T16:29:58+00:00,main,1177b76abed8175430563f8218525aa76d1eff43,query-engine,16900888
2023-02-16T16:29:58+00:00,main,1177b76abed8175430563f8218525aa76d1eff43,libquery_engine.node,14653760
2023-02-16T16:46:50+00:00,main,b1152cdbdbc1047016f2a770b258fcbb9bf6d2bb,query-engine,16900888
2023-02-16T16:46:50+00:00,main,b1152cdbdbc1047016f2a770b258fcbb9bf6d2bb,libquery_engine.node,14653760
2023-02-17T15:51:08+00:00,main,11e97a060a6eaa5ca0b29f3b612466b33fab1a21,query-engine,16900888
2023-02-17T15:51:08+00:00,main,11e97a060a6eaa5ca0b29f3b612466b33fab1a21,libquery_engine.node,14653760
2023-02-20T09:51:22+00:00,main,314b5dc788bc29a41a43904c4b0df0c0ebbc5aab,query-engine,16896792
2023-02-20T09:51:22+00:00,main,314b5dc788bc29a41a43904c4b0df0c0ebbc5aab,libquery_engine.node,14653760
2023-02-20T15:08:57+00:00,main,483b506f4062b0aa9ddb75e0bce7632484ff41ac,query-engine,16888600
2023-02-20T15:08:57+00:00,main,483b506f4062b0aa9ddb75e0bce7632484ff41ac,libquery_engine.node,14645568
2023-02-21T17:30:35+00:00,main,4bfced269d58372f7d88fbaa2d1e3c32236b0376,query-engine,16933656
2023-02-21T17:30:35+00:00,main,4bfced269d58372f7d88fbaa2d1e3c32236b0376,libquery_engine.node,14694720
2023-02-21T18:29:38+00:00,main,a96484f468cd3964acbca810b35e93757c933772,query-engine,16933656
2023-02-21T18:29:38+00:00,main,a96484f468cd3964acbca810b35e93757c933772,libquery_engine.node,14694720
2023-02-22T09:54:37+00:00,main,9043e57b0518a94d4cab3e097c521554df444cab,query-engine,16933656
2023-02-22T09:54:37+00:00,main,9043e57b0518a94d4cab3e097c521554df444cab,libquery_engine.node,14694720
2023-02-22T11:45:10+00:00,main,bafd7e09dbf5eb3fe18756ae28a4bf24324b92cb,query-engine,16933656
2023-02-22T11:45:10+00:00,main,bafd7e09dbf5eb3fe18756ae28a4bf24324b92cb,libquery_engine.node,14694720
2023-02-22T13:57:07+00:00,main,c9cc63511d5ecb58103eac18bece52e3ea098adb,query-engine,16945992
2023-02-22T13:57:07+00:00,main,c9cc63511d5ecb58103eac18bece52e3ea098adb,libquery_engine.node,14711216
2023-02-22T14:42:27+00:00,main,93c484384f6c71b2dfa7adddae8c515ffcb5cb00,query-engine,16945992
2023-02-22T14:42:27+00:00,main,93c484384f6c71b2dfa7adddae8c515ffcb5cb00,libquery_engine.node,14711216
2023-02-22T16:54:04+00:00,main,80b2cbef7d4a8abbe1f4422b6ea15dbad7db95d0,query-engine,16945992
2023-02-22T16:54:04+00:00,main,80b2cbef7d4a8abbe1f4422b6ea15dbad7db95d0,libquery_engine.node,14711216
2023-02-22T17:29:28+00:00,main,2d88e1728c806de8f54185f2ded8691300ed8044,query-engine,16933656
2023-02-22T17:29:28+00:00,main,2d88e1728c806de8f54185f2ded8691300ed8044,libquery_engine.node,14694720
2023-02-23T11:35:38+00:00,main,1f11eb9d711e7c41b4df662ac62f0cb2ddb73a99,query-engine,16933656
2023-02-23T11:35:38+00:00,main,1f11eb9d711e7c41b4df662ac62f0cb2ddb73a99,libquery_engine.node,14694720
2023-02-23T15:04:13+00:00,main,f096a21f3e47685586a81ad7198fbb9cb16d213f,query-engine,16933656
2023-02-23T15:04:13+00:00,main,f096a21f3e47685586a81ad7198fbb9cb16d213f,libquery_engine.node,14694720
2023-02-23T15:15:10+00:00,main,1792f6315e2cb4f355105bdbe1aaaf047b6219f2,query-engine,16933656
2023-02-23T15:15:10+00:00,main,1792f6315e2cb4f355105bdbe1aaaf047b6219f2,libquery_engine.node,14694720
2023-02-23T16:01:41+00:00,main,0d8462a331d00d5280d7d9bd69036f86b58ef03c,query-engine,17007384
2023-02-23T16:01:41+00:00,main,0d8462a331d00d5280d7d9bd69036f86b58ef03c,libquery_engine.node,14768448
2023-02-23T19:14:23+00:00,main,8f13e5fcea8c4ffe14e8a95303c186ea3888f78f,query-engine,17007384
2023-02-23T19:14:23+00:00,main,8f13e5fcea8c4ffe14e8a95303c186ea3888f78f,libquery_engine.node,14768448
2023-02-24T08:57:25+00:00,main,1969629a0ff1d5f009b2b184a156658eab53228b,query-engine,17007384
2023-02-24T08:57:25+00:00,main,1969629a0ff1d5f009b2b184a156658eab53228b,libquery_engine.node,14768448
2023-02-24T13:19:09+00:00,main,14ee0d4b1f1692f65e4b16ac63bdbe71e858484d,query-engine,17007384
2023-02-24T13:19:09+00:00,main,14ee0d4b1f1692f65e4b16ac63bdbe71e858484d,libquery_engine.node,14768448
2023-02-24T13:47:21+00:00,main,67a4547ade8a13a5d77a8c05c859eb3b3ba2979d,query-engine,16970520
2023-02-24T13:47:21+00:00,main,67a4547ade8a13a5d77a8c05c859eb3b3ba2979d,libquery_engine.node,14747968
2023-02-24T15:14:23+00:00,main,fbc77f278aab6cc0a29e1adb2566cf207e6c4463,query-engine,16962328
2023-02-24T15:14:23+00:00,main,fbc77f278aab6cc0a29e1adb2566cf207e6c4463,libquery_engine.node,14735680
2023-02-24T16:15:53+00:00,main,6144e5c66f6db42bfea409562da3a7e6f2185f3a,query-engine,16962328
2023-02-24T16:15:53+00:00,main,6144e5c66f6db42bfea409562da3a7e6f2185f3a,libquery_engine.node,14735680
2023-02-24T16:56:50+00:00,main,e12b39e88ca359f700cbcda02d48d90c8f9596e5,query-engine,16966424
2023-02-24T16:56:50+00:00,main,e12b39e88ca359f700cbcda02d48d90c8f9596e5,libquery_engine.node,14735680
2023-02-24T17:42:58+00:00,main,9984a8d895d559733fb241093dead8a0a925bdd8,query-engine,16913176
2023-02-24T17:42:58+00:00,main,9984a8d895d559733fb241093dead8a0a925bdd8,libquery_engine.node,14678336
2023-02-27T12:48:37+00:00,main,8fde8fef4033376662cad983758335009d522acb,query-engine,16913176
2023-02-27T12:48:37+00:00,main,8fde8fef4033376662cad983758335009d522acb,libquery_engine.node,14678336
2023-02-28T18:01:07+00:00,main,7c1b29dcb216f71afd3fa8752eea8fb58da30452,query-engine,16913176
2023-02-28T18:01:07+00:00,main,7c1b29dcb216f71afd3fa8752eea8fb58da30452,libquery_engine.node,14678336
2023-02-28T18:45:40+00:00,main,a54bd874c228d499e37733305d634bba1fbb8142,query-engine,16913176
2023-02-28T18:45:40+00:00,main,a54bd874c228d499e37733305d634bba1fbb8142,libquery_engine.node,14678336
2023-02-28T20:18:29+00:00,main,066eebeebbe9d8704466a094f1994403117cb101,query-engine,16913176
2023-02-28T20:18:29+00:00,main,066eebeebbe9d8704466a094f1994403117cb101,libquery_engine.node,14678336
2023-03-01T14:35:17+00:00,main,9573da2601aa991e6d8598faf4a9f6e021715547,query-engine,16913176
2023-03-01T14:35:17+00:00,main,9573da2601aa991e6d8598faf4a9f6e021715547,libquery_engine.node,14678336
2023-03-01T17:14:41+00:00,main,7a20cf1a4beb0a867a024f8c5bb3f1e48d184b3a,query-engine,16913176
2023-03-01T17:14:41+00:00,main,7a20cf1a4beb0a867a024f8c5bb3f1e48d184b3a,libquery_engine.node,14678336
2023-03-02T18:47:54+00:00,main,fd994d69fc1b32328c2675c84d3a7050e6303835,query-engine,16913176
2023-03-02T18:47:54+00:00,main,fd994d69fc1b32328c2675c84d3a7050e6303835,libquery_engine.node,14678336
2023-03-03T09:39:13+00:00,main,69f1ad6e509a0b331ab1171210b9193079a64b90,query-engine,16913176
2023-03-03T09:39:13+00:00,main,69f1ad6e509a0b331ab1171210b9193079a64b90,libquery_engine.node,14678336
2023-03-03T14:10:48+00:00,main,16389e43d330c38a01ca4988f3002910fe5a7d0a,query-engine,16913176
2023-03-03T14:10:48+00:00,main,16389e43d330c38a01ca4988f3002910fe5a7d0a,libquery_engine.node,14678336
2023-03-13T19:05:44+00:00,main,b668dcac11de896de072cc702530efe15b3c6d92,query-engine,16921368
2023-03-13T19:05:44+00:00,main,b668dcac11de896de072cc702530efe15b3c6d92,libquery_engine.node,14686528
2023-03-14T09:09:56+00:00,main,9e03f56b4ceae32cc2e6b64354426c5650dfc47f,query-engine,16921368
2023-03-14T09:09:56+00:00,main,9e03f56b4ceae32cc2e6b64354426c5650dfc47f,libquery_engine.node,14686528
2023-03-14T11:17:59+00:00,main,da9cbf177f656f6a0002c6749f5f689a1e3cc9e4,query-engine,16921368
2023-03-14T11:17:59+00:00,main,da9cbf177f656f6a0002c6749f5f689a1e3cc9e4,libquery_engine.node,14686528
2023-03-14T12:20:46+00:00,main,b2df30f451ffb49da741b3174c448f78a7004dd7,query-engine,16925464
2023-03-14T12:20:46+00:00,main,b2df30f451ffb49da741b3174c448f78a7004dd7,libquery_engine.node,14690624
2023-03-14T13:09:22+00:00,main,7e4045bfebdc27bca13ff3518a6e8da2f95a5f49,query-engine,16925464
2023-03-14T13:09:22+00:00,main,7e4045bfebdc27bca13ff3518a6e8da2f95a5f49,libquery_engine.node,14690624
2023-03-14T13:16:22+00:00,main,10920219a0528805b0c7f451ae9bde745d0379e9,query-engine,16917272
2023-03-14T13:16:22+00:00,main,10920219a0528805b0c7f451ae9bde745d0379e9,libquery_engine.node,14682432
2023-03-14T18:16:53+00:00,main,6fc58ed5ea814e75885cea4eeb6e553de658411c,query-engine,16917272
2023-03-14T18:16:53+00:00,main,6fc58ed5ea814e75885cea4eeb6e553de658411c,libquery_engine.node,14682432
2023-03-15T08:31:21+00:00,main,8ad602854ef9c73cef8af5987ec6aa30ffbcdd6b,query-engine,16917272
2023-03-15T08:31:21+00:00,main,8ad602854ef9c73cef8af5987ec6aa30ffbcdd6b,libquery_engine.node,14682432
2023-03-15T14:59:26+00:00,main,801f86e4dbb57fa5e82dd0308959b93778b71931,query-engine,16900888
2023-03-15T14:59:26+00:00,main,801f86e4dbb57fa5e82dd0308959b93778b71931,libquery_engine.node,14666048
2023-03-15T17:32:29+00:00,main,ab90bafc40f69d7f47fcce877f448abf36ab73a6,query-engine,16900888
2023-03-15T17:32:29+00:00,main,ab90bafc40f69d7f47fcce877f448abf36ab73a6,libquery_engine.node,14653760
2023-03-16T07:59:59+00:00,main,1c2b0924a78428edeb572300356922860af20001,query-engine,16884504
2023-03-16T07:59:59+00:00,main,1c2b0924a78428edeb572300356922860af20001,libquery_engine.node,14645568
2023-03-16T09:38:00+00:00,main,3b9f029aeb9a91829e6648c61146b02f3646d1e7,query-engine,16896792
2023-03-16T09:38:00+00:00,main,3b9f029aeb9a91829e6648c61146b02f3646d1e7,libquery_engine.node,14657856
2023-03-16T12:02:20+00:00,main,5478e9dbd7ca15fbd74ec587679f7d7c9da101d8,query-engine,16896792
2023-03-16T12:02:20+00:00,main,5478e9dbd7ca15fbd74ec587679f7d7c9da101d8,libquery_engine.node,14657856
2023-03-16T12:34:14+00:00,main,9fc74ad978eed3bdc571514107b4406fe7174c95,query-engine,16913176
2023-03-16T12:34:14+00:00,main,9fc74ad978eed3bdc571514107b4406fe7174c95,libquery_engine.node,14670144
2023-03-16T17:13:07+00:00,main,cb15d0e544dc0147e9b06b2c2559bd7ed3a43e93,query-engine,16896792
2023-03-16T17:13:07+00:00,main,cb15d0e544dc0147e9b06b2c2559bd7ed3a43e93,libquery_engine.node,14657856
2023-03-17T10:57:23+00:00,main,93178118b98973a1c1a5116a04c6dbbaeb232bb3,query-engine,16896792
2023-03-17T10:57:23+00:00,main,93178118b98973a1c1a5116a04c6dbbaeb232bb3,libquery_engine.node,14657856
2023-03-17T11:06:47+00:00,main,6b66709c6adc3189ef95f9dfb4488538af0ab108,query-engine,16896792
2023-03-17T11:06:47+00:00,main,6b66709c6adc3189ef95f9dfb4488538af0ab108,libquery_engine.node,14657856
2023-03-17T11:16:51+00:00,main,89c2bab926abe7d3421fbb56f7b5dbc2fbcff8ea,query-engine,16896792
2023-03-17T11:16:51+00:00,main,89c2bab926abe7d3421fbb56f7b5dbc2fbcff8ea,libquery_engine.node,14657856
2023-03-17T15:42:21+00:00,main,2f443b14ed9aa025d84bac879ebc2fbe9979b7e1,query-engine,16896792
2023-03-17T15:42:21+00:00,main,2f443b14ed9aa025d84bac879ebc2fbe9979b7e1,libquery_engine.node,14657856
2023-03-17T19:32:06+00:00,main,dae14adf197f98a3d7e2b9abadc13837e03473e7,query-engine,16896792
2023-03-17T19:32:06+00:00,main,dae14adf197f98a3d7e2b9abadc13837e03473e7,libquery_engine.node,14657856
2023-03-20T09:39:26+00:00,main,b564cbe03c2249cf74d971721b2e08d6c3a80cda,query-engine,16896792
2023-03-20T09:39:26+00:00,main,b564cbe03c2249cf74d971721b2e08d6c3a80cda,libquery_engine.node,14657856
2023-03-20T10:58:04+00:00,main,b36012d6e9bd4f7ff6b13fa02556b753d8bc9094,query-engine,16896792
2023-03-20T10:58:04+00:00,main,b36012d6e9bd4f7ff6b13fa02556b753d8bc9094,libquery_engine.node,14657856
2023-03-20T14:22:21+00:00,main,96d7dae74e6de461ab25336de2a8be503f03b6b2,query-engine,16896792
2023-03-20T14:22:21+00:00,main,96d7dae74e6de461ab25336de2a8be503f03b6b2,libquery_engine.node,14657856
2023-03-21T09:36:45+00:00,main,5e2091380cf150991c71436cb1162de9e4b9b723,query-engine,16896792
2023-03-21T09:36:45+00:00,main,5e2091380cf150991c71436cb1162de9e4b9b723,libquery_engine.node,14657856
2023-03-21T09:49:20+00:00,main,81a0747435edb30142708d71201ac095e64b000c,query-engine,16909080
2023-03-21T09:49:20+00:00,main,81a0747435edb30142708d71201ac095e64b000c,libquery_engine.node,14661952
2023-03-21T09:55:32+00:00,main,2520a16b20f447ec32a8cecf7bc90a65661fbcd4,query-engine,16909080
2023-03-21T09:55:32+00:00,main,2520a16b20f447ec32a8cecf7bc90a65661fbcd4,libquery_engine.node,14661952
2023-03-21T14:54:30+00:00,main,ec1181858ac2d2fdd571d2f1a5bc17d6cb813718,query-engine,16909080
2023-03-21T14:54:30+00:00,main,ec1181858ac2d2fdd571d2f1a5bc17d6cb813718,libquery_engine.node,14661952
2023-03-21T16:22:19+00:00,main,d709cf7ba8c250995fe396f0e498d22607b2bc82,query-engine,16909080
2023-03-21T16:22:19+00:00,main,d709cf7ba8c250995fe396f0e498d22607b2bc82,libquery_engine.node,14661952
2023-03-22T12:21:19+00:00,main,78c592cc8424d6adc77df66f66b6937fd4e254a0,query-engine,16892696
2023-03-22T12:21:19+00:00,main,78c592cc8424d6adc77df66f66b6937fd4e254a0,libquery_engine.node,14649664
2023-03-23T05:57:59+00:00,main,510ac61c038f11fb8394dd4bb2e40e6e679bcb30,query-engine,16892696
2023-03-23T05:57:59+00:00,main,510ac61c038f11fb8394dd4bb2e40e6e679bcb30,libquery_engine.node,14649664
2023-03-23T11:28:35+00:00,main,0f0d51c469757e95002b83ba58dc5263037b9674,query-engine,16892696
2023-03-23T11:28:35+00:00,main,0f0d51c469757e95002b83ba58dc5263037b9674,libquery_engine.node,14649664
2023-03-23T12:03:21+00:00,main,17b470befafbdb57487c9f410f722e467d16c671,query-engine,16937752
2023-03-23T12:03:21+00:00,main,17b470befafbdb57487c9f410f722e467d16c671,libquery_engine.node,14702912
2023-03-23T12:57:26+00:00,main,eda378b2026e737bda67e90a193a527a01172f6d,query-engine,16937752
2023-03-23T12:57:26+00:00,main,eda378b2026e737bda67e90a193a527a01172f6d,libquery_engine.node,14702912
2023-03-23T14:28:41+00:00,main,5c1258b37d3ffbe007357cd3c0c2760e877036ca,query-engine,16945944
2023-03-23T14:28:41+00:00,main,5c1258b37d3ffbe007357cd3c0c2760e877036ca,libquery_engine.node,14702912
2023-03-23T14:49:56+00:00,main,8758b596e97e361c600d13063b129acef691e9cd,query-engine,16945944
2023-03-23T14:49:56+00:00,main,8758b596e97e361c600d13063b129acef691e9cd,libquery_engine.node,14702912
2023-03-23T15:33:10+00:00,main,111e67156a4c064b667491d312208a7a597e4098,query-engine,16950040
2023-03-23T15:33:10+00:00,main,111e67156a4c064b667491d312208a7a597e4098,libquery_engine.node,14707008
2023-03-23T16:11:10+00:00,main,c1e0dae67cfbcce8dfd6bf42b894eb61c4b8bea8,query-engine,16950040
2023-03-23T16:11:10+00:00,main,c1e0dae67cfbcce8dfd6bf42b894eb61c4b8bea8,libquery_engine.node,14707008
2023-03-23T17:16:17+00:00,main,66ab7364fa0aeeaee8862de04d2b58ca37a1575f,query-engine,16950040
2023-03-23T17:16:17+00:00,main,66ab7364fa0aeeaee8862de04d2b58ca37a1575f,libquery_engine.node,14707008
2023-03-24T10:24:47+00:00,main,8db80a4b8f3db0e9a578b9559ce46792063d2446,query-engine,16950040
2023-03-24T10:24:47+00:00,main,8db80a4b8f3db0e9a578b9559ce46792063d2446,libquery_engine.node,14702912
2023-03-24T12:01:09+00:00,main,02d4b93634f114bc524cd1e19171bd9bfad67e1a,query-engine,16950040
2023-03-24T12:01:09+00:00,main,02d4b93634f114bc524cd1e19171bd9bfad67e1a,libquery_engine.node,14702912
2023-03-24T14:34:44+00:00,main,393ad1f4e45b1728c101c20ef9cd5047cee73efb,query-engine,16945944
2023-03-24T14:34:44+00:00,main,393ad1f4e45b1728c101c20ef9cd5047cee73efb,libquery_engine.node,14702912
2023-03-24T16:41:58+00:00,main,1dc5e753d415955d993ccb996b457c827bdb5d66,query-engine,16945944
2023-03-24T16:41:58+00:00,main,1dc5e753d415955d993ccb996b457c827bdb5d66,libquery_engine.node,14702912
2023-03-24T16:44:16+00:00,main,3dcc3fc6e294befa6ccbe0b3d466cb2f36fdb383,query-engine,16945944
2023-03-24T16:44:16+00:00,main,3dcc3fc6e294befa6ccbe0b3d466cb2f36fdb383,libquery_engine.node,14702912
2023-03-25T14:40:11+00:00,main,a85283b72c78fa93051762f899d5f8f5716fe042,query-engine,16958232
2023-03-25T14:40:11+00:00,main,a85283b72c78fa93051762f899d5f8f5716fe042,libquery_engine.node,14711104
2023-03-26T17:27:51+00:00,main,7d39155bcb3183078ffc3cf9be5d110cc3f9f578,query-engine,16958232
2023-03-26T17:27:51+00:00,main,7d39155bcb3183078ffc3cf9be5d110cc3f9f578,libquery_engine.node,14711104
2023-03-27T09:41:34+00:00,main,da34bd5863d6ba609bf74685eb6f5d3b5427215f,query-engine,16958232
2023-03-27T09:41:34+00:00,main,da34bd5863d6ba609bf74685eb6f5d3b5427215f,libquery_engine.node,14711104
2023-03-27T16:17:13+00:00,main,659ef412370fa3b41cd7bf6e94587c1dfb7f67e7,query-engine,16958232
2023-03-27T16:17:13+00:00,main,659ef412370fa3b41cd7bf6e94587c1dfb7f67e7,libquery_engine.node,14711104
2023-03-29T10:42:00+00:00,main,64c8eb0907239978ca967395f447b0f87b9d2e1d,query-engine,16941848
2023-03-29T10:42:00+00:00,main,64c8eb0907239978ca967395f447b0f87b9d2e1d,libquery_engine.node,14702912
2023-03-30T05:55:31+00:00,main,5ebd3e81411f77ba6842831187db14b6fada02f1,query-engine,16941848
2023-03-30T05:55:31+00:00,main,5ebd3e81411f77ba6842831187db14b6fada02f1,libquery_engine.node,14702912
2023-03-30T10:22:26+00:00,main,2c633d2988cbc78da0d02d7daf514ccf76e6b001,query-engine,16941848
2023-03-30T10:22:26+00:00,main,2c633d2988cbc78da0d02d7daf514ccf76e6b001,libquery_engine.node,14702912
2023-03-30T12:17:08+00:00,main,c7c6da9900e6732fbf3af7b2818dfdfc3af874de,query-engine,16941848
2023-03-30T12:17:08+00:00,main,c7c6da9900e6732fbf3af7b2818dfdfc3af874de,libquery_engine.node,14702912
2023-03-31T05:38:48+00:00,main,3f553eeaa4bc5e13bcc39cfda554d015452ba154,query-engine,16941848
2023-03-31T05:38:48+00:00,main,3f553eeaa4bc5e13bcc39cfda554d015452ba154,libquery_engine.node,14702912
2023-04-03T08:07:14+00:00,main,3257f6f82a653313613a0a32a5d598cafcdd8fba,query-engine,16941848
2023-04-03T08:07:14+00:00,main,3257f6f82a653313613a0a32a5d598cafcdd8fba,libquery_engine.node,14702912
2023-04-03T08:56:51+00:00,main,5fd083a07132d10fa2f4a1f646d88666a64fb9a7,query-engine,16954136
2023-04-03T08:56:51+00:00,main,5fd083a07132d10fa2f4a1f646d88666a64fb9a7,libquery_engine.node,14711104
2023-04-03T10:20:23+00:00,main,d4bbf03913365f897c8f7fe4b372a6bd6d7a2489,query-engine,16933656
2023-04-03T10:20:23+00:00,main,d4bbf03913365f897c8f7fe4b372a6bd6d7a2489,libquery_engine.node,14694720
2023-04-04T08:07:12+00:00,main,a9691be293caff3232d970c1150a952b03f7a0fd,query-engine,16933656
2023-04-04T08:07:12+00:00,main,a9691be293caff3232d970c1150a952b03f7a0fd,libquery_engine.node,14694720
2023-04-04T11:17:19+00:00,main,f647e27e2d60075ddb38c0b6fbb91cc73251fc39,query-engine,16933656
2023-04-04T11:17:19+00:00,main,f647e27e2d60075ddb38c0b6fbb91cc73251fc39,libquery_engine.node,14694720
2023-04-04T12:15:44+00:00,main,37b16358aa47aed7ff6506087fcdb6cf5b4bc6fa,query-engine,16933656
2023-04-04T12:15:44+00:00,main,37b16358aa47aed7ff6506087fcdb6cf5b4bc6fa,libquery_engine.node,14694720
2023-04-05T07:09:22+00:00,main,a0b65ed66169fda245284840d7864e975e1bd3d9,query-engine,16941848
2023-04-05T07:09:22+00:00,main,a0b65ed66169fda245284840d7864e975e1bd3d9,libquery_engine.node,14698816
2023-04-05T07:43:36+00:00,main,47b16cf94c6ad542f7bfbbbad43d528d2c9d652a,query-engine,16950040
2023-04-05T07:43:36+00:00,main,47b16cf94c6ad542f7bfbbbad43d528d2c9d652a,libquery_engine.node,14694720
2023-04-06T08:10:52+00:00,main,9e4147ada556f35be6110cd40c7ab0924a831014,query-engine,16945944
2023-04-06T08:10:52+00:00,main,9e4147ada556f35be6110cd40c7ab0924a831014,libquery_engine.node,14690624
2023-04-06T10:41:49+00:00,main,b952e556c57c90e9fe3152674d223600fba2a65d,query-engine,16945944
2023-04-06T10:41:49+00:00,main,b952e556c57c90e9fe3152674d223600fba2a65d,libquery_engine.node,14690624
2023-04-06T12:53:32+00:00,main,cc4c4059ea654dbbd270a04c463e993d17c68688,query-engine,16945944
2023-04-06T12:53:32+00:00,main,cc4c4059ea654dbbd270a04c463e993d17c68688,libquery_engine.node,14690624
2023-04-06T15:43:03+00:00,main,a66a710f664d9a266c9d6e55be43a3517250dc07,query-engine,16945944
2023-04-06T15:43:03+00:00,main,a66a710f664d9a266c9d6e55be43a3517250dc07,libquery_engine.node,14690624
2023-04-11T11:12:12+00:00,main,ae5c6a96d0927f0adb3d79b63bf442227605a41b,query-engine,16945944
2023-04-11T11:12:12+00:00,main,ae5c6a96d0927f0adb3d79b63bf442227605a41b,libquery_engine.node,14690624
2023-04-11T14:02:30+00:00,main,5af5b01cc5d77d6887ef748cf6b9564be90949de,query-engine,16950040
2023-04-11T14:02:30+00:00,main,5af5b01cc5d77d6887ef748cf6b9564be90949de,libquery_engine.node,14694720
2023-04-11T15:26:44+00:00,main,9f8aaa085b47e997f8f789a474532622d4ab6eab,query-engine,16941848
2023-04-11T15:26:44+00:00,main,9f8aaa085b47e997f8f789a474532622d4ab6eab,libquery_engine.node,14686528
2023-04-13T09:55:23+00:00,main,6b7f692da5ee41b00e3e5030dab62ce35fd8aaba,query-engine,16945944
2023-04-13T09:55:23+00:00,main,6b7f692da5ee41b00e3e5030dab62ce35fd8aaba,libquery_engine.node,14702912
2023-04-13T13:03:45+00:00,main,b1787ff06efbe3b059c4c01884c66be9be511083,query-engine,16958232
2023-04-13T13:03:45+00:00,main,b1787ff06efbe3b059c4c01884c66be9be511083,libquery_engine.node,14735136
2023-04-13T17:48:41+00:00,main,fc296d7a31aa22c8ea54deb4dc5bbe1cce3c997a,query-engine,16962392
2023-04-13T17:48:41+00:00,main,fc296d7a31aa22c8ea54deb4dc5bbe1cce3c997a,libquery_engine.node,14751584
2023-04-13T18:56:45+00:00,main,f32d254244dc0807e554687b4985eac3b27f2404,query-engine,16950104
2023-04-13T18:56:45+00:00,main,f32d254244dc0807e554687b4985eac3b27f2404,libquery_engine.node,14731104
2023-04-14T10:29:48+00:00,main,b7a219819742333ebd961a4511cbb4efd76af9ee,query-engine,16945944
2023-04-14T10:29:48+00:00,main,b7a219819742333ebd961a4511cbb4efd76af9ee,libquery_engine.node,14718752
2023-04-14T12:04:49+00:00,main,ce20b1dd696f73653a04b651fa62b02a3f352261,query-engine,16945944
2023-04-14T12:04:49+00:00,main,ce20b1dd696f73653a04b651fa62b02a3f352261,libquery_engine.node,14718752
2023-04-14T12:37:30+00:00,main,36b8399dd5f1338f3240a853c5ff70f9845889ef,query-engine,16945944
2023-04-14T12:37:30+00:00,main,36b8399dd5f1338f3240a853c5ff70f9845889ef,libquery_engine.node,14722848
2023-04-14T13:40:09+00:00,main,b03700c2c6922aa14a1a913d2b020e9f8f2f628d,query-engine,16945944
2023-04-14T13:40:09+00:00,main,b03700c2c6922aa14a1a913d2b020e9f8f2f628d,libquery_engine.node,14722848
2023-04-14T14:55:49+00:00,main,1b0a5de017a836d56a1e81a9025bb45e86c1d47e,query-engine,16954136
2023-04-14T14:55:49+00:00,main,1b0a5de017a836d56a1e81a9025bb45e86c1d47e,libquery_engine.node,14722848
2023-04-17T09:26:13+00:00,main,745dcc4b3aa8b8a153cf4fa46478871befdfd9bd,query-engine,16954136
2023-04-17T09:26:13+00:00,main,745dcc4b3aa8b8a153cf4fa46478871befdfd9bd,libquery_engine.node,14722848
2023-04-17T16:07:11+00:00,main,1e7af066ee9cb95cf3a403c78d9aab3e6b04f37a,query-engine,16945944
2023-04-17T16:07:11+00:00,main,1e7af066ee9cb95cf3a403c78d9aab3e6b04f37a,libquery_engine.node,14718752
2023-04-18T17:19:48+00:00,main,c965da611d894590f9cd135341288be2dd2dbfcf,query-engine,16941912
2023-04-18T17:19:48+00:00,main,c965da611d894590f9cd135341288be2dd2dbfcf,libquery_engine.node,14727008
2023-04-19T10:30:50+00:00,main,f8e91ce088ade0a8c25f80711a8e1fe109d1de5d,query-engine,16941912
2023-04-19T10:30:50+00:00,main,f8e91ce088ade0a8c25f80711a8e1fe109d1de5d,libquery_engine.node,14718816
2023-04-19T12:24:09+00:00,main,ae591d8070f3fa64639fefeff2a06d95614f4109,query-engine,16941912
2023-04-19T12:24:09+00:00,main,ae591d8070f3fa64639fefeff2a06d95614f4109,libquery_engine.node,14727008
2023-04-19T14:39:33+00:00,main,a780c539644473631966b7fa269ab89dd89915d4,query-engine,16962392
2023-04-19T14:39:33+00:00,main,a780c539644473631966b7fa269ab89dd89915d4,libquery_engine.node,14743392
2023-04-20T08:23:46+00:00,main,a80fe93ba0318f636bc7d953b13a403ca21d1843,query-engine,16962392
2023-04-20T08:23:46+00:00,main,a80fe93ba0318f636bc7d953b13a403ca21d1843,libquery_engine.node,14743392
2023-04-20T09:38:33+00:00,main,967bc72059c507688cf7ae482cf4445c2a48a705,query-engine,16950104
2023-04-20T09:38:33+00:00,main,967bc72059c507688cf7ae482cf4445c2a48a705,libquery_engine.node,14735200
2023-04-20T09:58:14+00:00,main,fb456485ffef21555f53a41fa34bc5263608a493,query-engine,16941912
2023-04-20T09:58:14+00:00,main,fb456485ffef21555f53a41fa34bc5263608a493,libquery_engine.node,14731104
2023-04-20T11:17:45+00:00,main,95bc32d960e6ddd72e1380cfe64ef40ca143bf54,query-engine,16941912
2023-04-20T11:17:45+00:00,main,95bc32d960e6ddd72e1380cfe64ef40ca143bf54,libquery_engine.node,14727008
2023-04-20T12:13:33+00:00,main,c454edf46d202669405ccad6bd071947dc58d528,query-engine,16950104
2023-04-20T12:13:33+00:00,main,c454edf46d202669405ccad6bd071947dc58d528,libquery_engine.node,14727008
2023-04-20T14:50:38+00:00,main,da94c4048daf3bf2127ccc37e7f86ab3c1f64b87,query-engine,16941912
2023-04-20T14:50:38+00:00,main,da94c4048daf3bf2127ccc37e7f86ab3c1f64b87,libquery_engine.node,14735200
2023-04-21T09:44:22+00:00,main,589757c1014adb70f1fd1b3d66f3d542ca7b77fc,query-engine,16941912
2023-04-21T09:44:22+00:00,main,589757c1014adb70f1fd1b3d66f3d542ca7b77fc,libquery_engine.node,14731104
2023-04-21T14:32:09+00:00,main,5352fad55397f603d44cbd26599d5f37646894c0,query-engine,16941912
2023-04-21T14:32:09+00:00,main,5352fad55397f603d44cbd26599d5f37646894c0,libquery_engine.node,14731104
2023-04-24T12:12:39+00:00,main,e2942655e5370b20e0b3942f4717c2a302b0b620,query-engine,16941912
2023-04-24T12:12:39+00:00,main,e2942655e5370b20e0b3942f4717c2a302b0b620,libquery_engine.node,14731104
2023-04-25T08:07:46+00:00,main,5bfea92df8d9c56d01e915d6028dd963fc59a320,query-engine,16958312
2023-04-25T08:07:46+00:00,main,5bfea92df8d9c56d01e915d6028dd963fc59a320,libquery_engine.node,14718792
2023-04-25T12:49:50+00:00,main,4e1d32ff78f70aa386574fa229cb61f880ceec4b,query-engine,16954216
2023-04-25T12:49:50+00:00,main,4e1d32ff78f70aa386574fa229cb61f880ceec4b,libquery_engine.node,14718792
2023-04-25T13:30:54+00:00,main,afaf11af57db4f4f2739ad3d26448693a624a009,query-engine,16954216
2023-04-25T13:30:54+00:00,main,afaf11af57db4f4f2739ad3d26448693a624a009,libquery_engine.node,14718792
2023-04-25T15:52:40+00:00,main,0145f3f905a104fabe142ed6b861cb8f0f56f5e7,query-engine,16954216
2023-04-25T15:52:40+00:00,main,0145f3f905a104fabe142ed6b861cb8f0f56f5e7,libquery_engine.node,14714696
2023-04-26T10:24:38+00:00,main,8eb8cdfef1bcc1244fc4c0a27022cd11086e76c4,query-engine,16954216
2023-04-26T10:24:38+00:00,main,8eb8cdfef1bcc1244fc4c0a27022cd11086e76c4,libquery_engine.node,14714696
2023-04-26T12:24:19+00:00,main,885141bc8a1423a32ce1ec10e19c892419a9f942,query-engine,16950120
2023-04-26T12:24:19+00:00,main,885141bc8a1423a32ce1ec10e19c892419a9f942,libquery_engine.node,14714696
2023-04-26T13:03:02+00:00,main,03571f8d9d5067bb90c99eab709bce15c58c897e,query-engine,16950120
2023-04-26T13:03:02+00:00,main,03571f8d9d5067bb90c99eab709bce15c58c897e,libquery_engine.node,14714696
2023-04-26T17:55:42+00:00,main,993890f0e1647178e4612827bf234cc6b241c594,query-engine,16950120
2023-04-26T17:55:42+00:00,main,993890f0e1647178e4612827bf234cc6b241c594,libquery_engine.node,14714696
2023-04-26T18:58:23+00:00,main,e9d4b3877607013ee1d01de5158e44e6003052b8,query-engine,16950120
2023-04-26T18:58:23+00:00,main,e9d4b3877607013ee1d01de5158e44e6003052b8,libquery_engine.node,14681928
2023-04-27T15:17:18+00:00,main,1d01b47efd8df2a88b367171f17503c500f2625f,query-engine,16950120
2023-04-27T15:17:18+00:00,main,1d01b47efd8df2a88b367171f17503c500f2625f,libquery_engine.node,14681928
2023-04-27T15:53:44+00:00,main,15a4f29f44308135c3805333004090a5d86ba3c9,query-engine,16950120
2023-04-27T15:53:44+00:00,main,15a4f29f44308135c3805333004090a5d86ba3c9,libquery_engine.node,14681928
2023-04-28T12:38:37+00:00,main,3b25dbc49c0a515ef7b4d7c4fcca6395e8e98dc1,query-engine,16950120
2023-04-28T12:38:37+00:00,main,3b25dbc49c0a515ef7b4d7c4fcca6395e8e98dc1,libquery_engine.node,14681928
2023-04-28T17:50:05+00:00,main,8a19c38770eeb2b3dbc148889c218fd0df6159a7,query-engine,16958312
2023-04-28T17:50:05+00:00,main,8a19c38770eeb2b3dbc148889c218fd0df6159a7,libquery_engine.node,14681928
2023-05-02T09:13:40+00:00,main,5a6bba41bf91e789902ff3e11d1e589853649d83,query-engine,16958312
2023-05-02T09:13:40+00:00,main,5a6bba41bf91e789902ff3e11d1e589853649d83,libquery_engine.node,14681928
2023-05-02T10:15:18+00:00,main,f8d9e0b1a12f12abb065809581b2555897c85581,query-engine,16958312
2023-05-02T10:15:18+00:00,main,f8d9e0b1a12f12abb065809581b2555897c85581,libquery_engine.node,14681928
2023-05-02T15:32:54+00:00,main,52a677bd3acd5759fc72b0fe983724b995fd570c,query-engine,16958312
2023-05-02T15:32:54+00:00,main,52a677bd3acd5759fc72b0fe983724b995fd570c,libquery_engine.node,14681928
2023-05-04T09:24:39+00:00,main,112dd88c5c0b4dbcf354280f6873d6552079e929,query-engine,16958312
2023-05-04T09:24:39+00:00,main,112dd88c5c0b4dbcf354280f6873d6552079e929,libquery_engine.node,14681928
2023-05-04T09:42:29+00:00,main,b7f558e75aa86e167f8fe2bc4a87573d065fbf4a,query-engine,16958312
2023-05-04T09:42:29+00:00,main,b7f558e75aa86e167f8fe2bc4a87573d065fbf4a,libquery_engine.node,14681928
2023-05-05T09:48:16+00:00,main,5a5f44d682c8470f2cfe3729bac4480fa894dba3,query-engine,16974792
2023-05-05T09:48:16+00:00,main,5a5f44d682c8470f2cfe3729bac4480fa894dba3,libquery_engine.node,14706680
2023-05-05T10:07:50+00:00,main,5907d6ccc8494af6acccafd77cd00a2fa80c028d,query-engine,16974792
2023-05-05T10:07:50+00:00,main,5907d6ccc8494af6acccafd77cd00a2fa80c028d,libquery_engine.node,14706680
2023-05-05T12:35:25+00:00,main,c03b6915b9eff57212a16840d554da5f6f442f01,query-engine,16974792
2023-05-05T12:35:25+00:00,main,c03b6915b9eff57212a16840d554da5f6f442f01,libquery_engine.node,14706680
2023-05-05T15:37:47+00:00,main,e49e51b6e3e9a55487f6a625c1bd5bf3fb7c615a,query-engine,16974792
2023-05-05T15:37:47+00:00,main,e49e51b6e3e9a55487f6a625c1bd5bf3fb7c615a,libquery_engine.node,14706680
2023-05-05T16:04:38+00:00,main,5b7524fca1ee153056d401438214a7428cc0480b,query-engine,16974792
2023-05-05T16:04:38+00:00,main,5b7524fca1ee153056d401438214a7428cc0480b,libquery_engine.node,14706680
2023-05-05T17:01:03+00:00,main,92998a9c18a9f9dbf25ba3f6ba7b1bb784c67a4c,query-engine,16974792
2023-05-05T17:01:03+00:00,main,92998a9c18a9f9dbf25ba3f6ba7b1bb784c67a4c,libquery_engine.node,14706680
2023-05-05T18:06:46+00:00,main,bd111dfeac7de75d9ee9831f1b80ddf35f4e746b,query-engine,16974792
2023-05-05T18:06:46+00:00,main,bd111dfeac7de75d9ee9831f1b80ddf35f4e746b,libquery_engine.node,14706680
2023-05-08T08:52:13+00:00,main,c694003bd22d0140d0f7911d1ddbdc9d7394f28b,query-engine,16974792
2023-05-08T08:52:13+00:00,main,c694003bd22d0140d0f7911d1ddbdc9d7394f28b,libquery_engine.node,14706680
2023-05-08T10:38:32+00:00,main,b941a1de6ceb719196a59b0e60dcbd00ad514176,query-engine,16974792
2023-05-08T10:38:32+00:00,main,b941a1de6ceb719196a59b0e60dcbd00ad514176,libquery_engine.node,14706680
2023-05-08T13:02:12+00:00,main,20385323b6a30937c33354d7a9f7aeaff98185af,query-engine,16974792
2023-05-08T13:02:12+00:00,main,20385323b6a30937c33354d7a9f7aeaff98185af,libquery_engine.node,14706680
2023-05-08T15:00:03+00:00,main,d9a4c5988f480fa576d43970d5a23641aa77bc9c,query-engine,16974792
2023-05-08T15:00:03+00:00,main,d9a4c5988f480fa576d43970d5a23641aa77bc9c,libquery_engine.node,14706680
2023-05-09T10:48:40+00:00,main,d9c07544fc26f4e90f8662fbb2276b3e09980208,query-engine,16970696
2023-05-09T10:48:40+00:00,main,d9c07544fc26f4e90f8662fbb2276b3e09980208,libquery_engine.node,14702584
2023-05-11T12:29:03+00:00,main,8f088bba4367fa22d66dad3ff0c3a92ceded673e,query-engine,16962472
2023-05-11T12:29:03+00:00,main,8f088bba4367fa22d66dad3ff0c3a92ceded673e,libquery_engine.node,14702584
2023-05-11T16:12:12+00:00,main,bd8648b3808f77751a6bb9e467d0a9e17c5b508a,query-engine,16966568
2023-05-11T16:12:12+00:00,main,bd8648b3808f77751a6bb9e467d0a9e17c5b508a,libquery_engine.node,14702584
2023-05-12T07:06:20+00:00,main,5d720aff70d72bd85e9d322b854f025c99f6419b,query-engine,16966600
2023-05-12T07:06:20+00:00,main,5d720aff70d72bd85e9d322b854f025c99f6419b,libquery_engine.node,14702600
2023-05-12T10:06:12+00:00,main,af63bb47490b9b6198693be41d772122bb89f818,query-engine,16966600
2023-05-12T10:06:12+00:00,main,af63bb47490b9b6198693be41d772122bb89f818,libquery_engine.node,14702600
2023-05-12T12:01:04+00:00,main,06288936aa2e03c68d3f1f76cb2853523929f338,query-engine,16966600
2023-05-12T12:01:04+00:00,main,06288936aa2e03c68d3f1f76cb2853523929f338,libquery_engine.node,14702600
2023-05-12T13:12:42+00:00,main,ad2fc0639d2fe56c13df529c421d55f213706a65,query-engine,16966600
2023-05-12T13:12:42+00:00,main,ad2fc0639d2fe56c13df529c421d55f213706a65,libquery_engine.node,14702600
2023-05-15T06:48:23+00:00,main,79f1601f219fa209dfa987d7d3a677ec060f2dd1,query-engine,16966600
2023-05-15T06:48:23+00:00,main,79f1601f219fa209dfa987d7d3a677ec060f2dd1,libquery_engine.node,14702600
2023-05-16T08:46:12+00:00,main,825b01c7f9881f5a4ae165ccdef06b55de278513,query-engine,16966600
2023-05-16T08:46:12+00:00,main,825b01c7f9881f5a4ae165ccdef06b55de278513,libquery_engine.node,14702600
2023-05-17T10:24:09+00:00,main,2a74471c3ffd9b901226c08d11c27617a69b421f,query-engine,16966600
2023-05-17T10:24:09+00:00,main,2a74471c3ffd9b901226c08d11c27617a69b421f,libquery_engine.node,14702600
2023-05-17T16:03:09+00:00,main,b33dce37d49a63966d05f78b538cea13994d7507,query-engine,16966600
2023-05-17T16:03:09+00:00,main,b33dce37d49a63966d05f78b538cea13994d7507,libquery_engine.node,14694408
2023-05-17T17:08:58+00:00,main,08464e12680725cf8375f2ab314206401f8581a3,query-engine,16966600
2023-05-17T17:08:58+00:00,main,08464e12680725cf8375f2ab314206401f8581a3,libquery_engine.node,14694408
2023-05-22T08:42:09+00:00,main,158838cc71ed03d14600202bb3a57e960aa842a2,query-engine,16966600
2023-05-22T08:42:09+00:00,main,158838cc71ed03d14600202bb3a57e960aa842a2,libquery_engine.node,14694408
2023-05-22T11:19:38+00:00,main,f4dadd854085a38efc598885838c74906ca50b0c,query-engine,16966600
2023-05-22T11:19:38+00:00,main,f4dadd854085a38efc598885838c74906ca50b0c,libquery_engine.node,14694408
2023-05-22T12:44:51+00:00,main,a336b8b8b93d6661f14bbeeeca1aebe7794c418f,query-engine,16966600
2023-05-22T12:44:51+00:00,main,a336b8b8b93d6661f14bbeeeca1aebe7794c418f,libquery_engine.node,14694408
2023-05-23T07:24:29+00:00,main,8eaedadd274282bfbb141468690f3eae0cc20b28,query-engine,16966600
2023-05-23T07:24:29+00:00,main,8eaedadd274282bfbb141468690f3eae0cc20b28,libquery_engine.node,14694408
2023-05-23T09:32:00+00:00,main,7b6cf9e49039c9481bc53f33af585ce635fb5e9b,query-engine,16970696
2023-05-23T09:32:00+00:00,main,7b6cf9e49039c9481bc53f33af585ce635fb5e9b,libquery_engine.node,14698504
2023-05-23T10:10:23+00:00,main,db053b0c116bf5e89edb085f714eec78658bf8c6,query-engine,16970696
2023-05-23T10:10:23+00:00,main,db053b0c116bf5e89edb085f714eec78658bf8c6,libquery_engine.node,14698504
2023-05-23T15:13:48+00:00,main,61023c35d2c8762f66f09bc4183d2f630b541d08,query-engine,16970696
2023-05-23T15:13:48+00:00,main,61023c35d2c8762f66f09bc4183d2f630b541d08,libquery_engine.node,14698504
2023-05-24T09:14:26+00:00,main,feeb0162d422910fcd9bfffd50b185881a6b5442,query-engine,16970696
2023-05-24T09:14:26+00:00,main,feeb0162d422910fcd9bfffd50b185881a6b5442,libquery_engine.node,14698504
2023-05-24T10:31:46+00:00,main,0ab4c09281aafacfb1842e67cee403a924afb175,query-engine,16970696
2023-05-24T10:31:46+00:00,main,0ab4c09281aafacfb1842e67cee403a924afb175,libquery_engine.node,14698504
2023-05-25T09:33:03+00:00,main,a43d6561ea10788c11577290459c671a4fe66a00,query-engine,16970696
2023-05-25T09:33:03+00:00,main,a43d6561ea10788c11577290459c671a4fe66a00,libquery_engine.node,14698504
2023-05-25T13:16:12+00:00,main,7c23f3caa1cc39376f5e2c025008a3a598ca64c6,query-engine,16970696
2023-05-25T13:16:12+00:00,main,7c23f3caa1cc39376f5e2c025008a3a598ca64c6,libquery_engine.node,14698504
2023-05-25T13:42:36+00:00,main,d6e97784692d7b774b5dee6f91ac729ce9807c8c,query-engine,16966600
2023-05-25T13:42:36+00:00,main,d6e97784692d7b774b5dee6f91ac729ce9807c8c,libquery_engine.node,14694408
2023-05-26T10:16:08+00:00,main,4cb6fe5bf17152944b142d7db2cd65843ec3687a,query-engine,16966600
2023-05-26T10:16:08+00:00,main,4cb6fe5bf17152944b142d7db2cd65843ec3687a,libquery_engine.node,14694408
2023-05-26T13:20:20+00:00,main,9f3631a2d56fdc907d58bfd3e3d8e8adb7f9f537,query-engine,16966600
2023-05-26T13:20:20+00:00,main,9f3631a2d56fdc907d58bfd3e3d8e8adb7f9f537,libquery_engine.node,14694408
2023-05-26T14:56:17+00:00,main,8fbc245156db7124f997f4cecdd8d1219e360944,query-engine,16966600
2023-05-26T14:56:17+00:00,main,8fbc245156db7124f997f4cecdd8d1219e360944,libquery_engine.node,14694408
2023-05-29T15:34:42+00:00,main,88c73fb4b0dbbf8a7e6a7809c31006efeb081701,query-engine,16970760
2023-05-29T15:34:42+00:00,main,88c73fb4b0dbbf8a7e6a7809c31006efeb081701,libquery_engine.node,14694408
2023-05-30T08:52:30+00:00,main,20e9482aa10ecccd153228a85b1327a79bff44f2,query-engine,16970760
2023-05-30T08:52:30+00:00,main,20e9482aa10ecccd153228a85b1327a79bff44f2,libquery_engine.node,14694408
2023-05-31T07:55:54+00:00,main,a651a3274a6dd554823daff4f94fccb1c99b7ac9,query-engine,17044488
2023-05-31T07:55:54+00:00,main,a651a3274a6dd554823daff4f94fccb1c99b7ac9,libquery_engine.node,14780424
2023-05-31T08:55:23+00:00,main,a2e17523218e1e399d6b11a3826c7613b14f1156,query-engine,17040392
2023-05-31T08:55:23+00:00,main,a2e17523218e1e399d6b11a3826c7613b14f1156,libquery_engine.node,14776328
2023-05-31T10:35:45+00:00,main,e06f3284df31a1dc11eeb82f07cbc4de23a25208,query-engine,17040392
2023-05-31T10:35:45+00:00,main,e06f3284df31a1dc11eeb82f07cbc4de23a25208,libquery_engine.node,14776328
2023-05-31T15:48:11+00:00,main,8fe8b37d9ca3ec1c87c77c3bd1ab2eab60d416f5,query-engine,17015816
2023-05-31T15:48:11+00:00,main,8fe8b37d9ca3ec1c87c77c3bd1ab2eab60d416f5,libquery_engine.node,14751752
2023-05-31T17:01:29+00:00,main,282e4b4efec75b1c691bca971edc25faec13c2cb,query-engine,17015816
2023-05-31T17:01:29+00:00,main,282e4b4efec75b1c691bca971edc25faec13c2cb,libquery_engine.node,14751752
2023-06-01T10:35:21+00:00,main,69332b98051bd3f8c816b98b83a82e1ede1dbc2b,query-engine,17015816
2023-06-01T10:35:21+00:00,main,69332b98051bd3f8c816b98b83a82e1ede1dbc2b,libquery_engine.node,14751752
2023-06-05T15:39:14+00:00,main,7ebd01dae4db6c27fac45618de70502a47e69981,query-engine,16950280
2023-06-05T15:39:14+00:00,main,7ebd01dae4db6c27fac45618de70502a47e69981,libquery_engine.node,14673928
2023-06-06T10:39:38+00:00,main,e3e1da125cf9e3d0e865b9bdfdae91d5ffced535,query-engine,16950280
2023-06-06T10:39:38+00:00,main,e3e1da125cf9e3d0e865b9bdfdae91d5ffced535,libquery_engine.node,14678024
2023-06-08T14:51:22+00:00,main,da382fed977574758dd73a3dab768f4e57ae621f,query-engine,16950280
2023-06-08T14:51:22+00:00,main,da382fed977574758dd73a3dab768f4e57ae621f,libquery_engine.node,14678024
2023-06-13T14:17:06+00:00,main,c34bbe0af031c4bfbd30642bb7305d7687f6eea1,query-engine,16999384
2023-06-13T14:17:06+00:00,main,c34bbe0af031c4bfbd30642bb7305d7687f6eea1,libquery_engine.node,14792664
2023-06-13T16:23:03+00:00,main,810585b970adb07a9de10de64be74f871a2ad717,query-engine,16999384
2023-06-13T16:23:03+00:00,main,810585b970adb07a9de10de64be74f871a2ad717,libquery_engine.node,14792664
2023-06-14T11:17:01+00:00,main,50170c9de090e96757c77b4eb5dc5ddbc95ddd5b,query-engine,16999384
2023-06-14T11:17:01+00:00,main,50170c9de090e96757c77b4eb5dc5ddbc95ddd5b,libquery_engine.node,14792664
2023-06-14T12:10:18+00:00,main,ffceeccf256b1d7b039c6ceed46fa24d804943e4,query-engine,16999384
2023-06-14T12:10:18+00:00,main,ffceeccf256b1d7b039c6ceed46fa24d804943e4,libquery_engine.node,14792664
2023-06-14T14:47:35+00:00,main,e883b57802a55445e727955d14b22dc776ce08da,query-engine,16991192
2023-06-14T14:47:35+00:00,main,e883b57802a55445e727955d14b22dc776ce08da,libquery_engine.node,14800856
2023-06-14T15:32:47+00:00,main,5dff7e00d511566891c4e446b7773ba6d9a82dd0,query-engine,16991192
2023-06-14T15:32:47+00:00,main,5dff7e00d511566891c4e446b7773ba6d9a82dd0,libquery_engine.node,14800856
2023-06-14T17:49:52+00:00,main,c15399e487c3f4e849e50cc4bbefe81c217a0450,query-engine,16991192
2023-06-14T17:49:52+00:00,main,c15399e487c3f4e849e50cc4bbefe81c217a0450,libquery_engine.node,14817240
2023-06-15T16:10:59+00:00,main,489dea78e5d64611960acfde15ac92fee3f21c41,query-engine,16987096
2023-06-15T16:10:59+00:00,main,489dea78e5d64611960acfde15ac92fee3f21c41,libquery_engine.node,14817240
2023-06-16T08:18:12+00:00,main,51d4d989d63f71c4e681a08ee47ad43f62aed49f,query-engine,16987096
2023-06-16T08:18:12+00:00,main,51d4d989d63f71c4e681a08ee47ad43f62aed49f,libquery_engine.node,14817240
2023-06-16T10:40:58+00:00,main,b4faed7994b42a1ae3c96d243ab2410aaa8c91eb,query-engine,16987096
2023-06-16T10:40:58+00:00,main,b4faed7994b42a1ae3c96d243ab2410aaa8c91eb,libquery_engine.node,14817240
2023-06-16T14:13:08+00:00,main,b20ead4d3ab9e78ac112966e242ded703f4a052c,query-engine,16987096
2023-06-16T14:13:08+00:00,main,b20ead4d3ab9e78ac112966e242ded703f4a052c,libquery_engine.node,14817240
2023-06-20T14:22:29+00:00,main,46285f314e200f5f1afc2baea86e3e40ff7fb309,query-engine,16987096
2023-06-20T14:22:29+00:00,main,46285f314e200f5f1afc2baea86e3e40ff7fb309,libquery_engine.node,14829704
2023-06-21T09:26:24+00:00,main,2b04ac1c2af3bc5a845ff7a83ab8be8e0230cb43,query-engine,16987096
2023-06-21T09:26:24+00:00,main,2b04ac1c2af3bc5a845ff7a83ab8be8e0230cb43,libquery_engine.node,14829704
2023-06-22T12:22:07+00:00,main,f6bb63d094cca54895abb071b92b6fcfe2e1d96a,query-engine,16987096
2023-06-22T12:22:07+00:00,main,f6bb63d094cca54895abb071b92b6fcfe2e1d96a,libquery_engine.node,14829704
2023-06-22T16:09:02+00:00,main,77097875d1dfb6ecc4b23826eb9753879f449bbf,query-engine,16987096
2023-06-22T16:09:02+00:00,main,77097875d1dfb6ecc4b23826eb9753879f449bbf,libquery_engine.node,14829704
2023-06-22T17:36:06+00:00,main,6645e40d2bf528a661481fd415af3e1d3dcddc5e,query-engine,16987096
2023-06-22T17:36:06+00:00,main,6645e40d2bf528a661481fd415af3e1d3dcddc5e,libquery_engine.node,14829704
2023-06-23T12:52:32+00:00,main,3b626b96193e76c1fae00da375d7ff82ccc4239e,query-engine,16978904
2023-06-23T12:52:32+00:00,main,3b626b96193e76c1fae00da375d7ff82ccc4239e,libquery_engine.node,14821512
2023-06-23T13:24:32+00:00,main,a7956df19f68ec48656f738618baa76dacf7b4ad,query-engine,16978904
2023-06-23T13:24:32+00:00,main,a7956df19f68ec48656f738618baa76dacf7b4ad,libquery_engine.node,14821512
2023-06-23T14:39:55+00:00,main,0de06ae93d1d4ec6268874052d9c303e539e72be,query-engine,16978904
2023-06-23T14:39:55+00:00,main,0de06ae93d1d4ec6268874052d9c303e539e72be,libquery_engine.node,14821512
2023-06-23T16:11:03+00:00,main,fe6d29ddc6e8bcb9c3733984d458a5f677a36d0e,query-engine,16978904
2023-06-23T16:11:03+00:00,main,fe6d29ddc6e8bcb9c3733984d458a5f677a36d0e,libquery_engine.node,14821512
2023-06-23T21:22:02+00:00,main,e6267db1c1bc827b8eb87f644288c3cb0800ec89,query-engine,16978904
2023-06-23T21:22:02+00:00,main,e6267db1c1bc827b8eb87f644288c3cb0800ec89,libquery_engine.node,14821512
2023-06-30T14:27:29+00:00,main,de4bdc3aedb3f0a85d7b7b416eb6b1d0da9f68da,query-engine,16983000
2023-06-30T14:27:29+00:00,main,de4bdc3aedb3f0a85d7b7b416eb6b1d0da9f68da,libquery_engine.node,14821512
2023-06-30T14:48:34+00:00,main,bb8e7aae27ce478f586df41260253876ccb5b390,query-engine,16983000
2023-06-30T14:48:34+00:00,main,bb8e7aae27ce478f586df41260253876ccb5b390,libquery_engine.node,14821512
2023-07-03T10:05:48+00:00,main,4913410f4c25de8893e0637015adf6990e74ae1b,query-engine,16983000
2023-07-03T10:05:48+00:00,main,4913410f4c25de8893e0637015adf6990e74ae1b,libquery_engine.node,14821512
2023-07-03T10:24:47+00:00,main,27eb2449f178cd9fe1a4b892d732cc4795f75085,query-engine,16983000
2023-07-03T10:24:47+00:00,main,27eb2449f178cd9fe1a4b892d732cc4795f75085,libquery_engine.node,14821512
2023-07-03T15:00:27+00:00,main,43aefb4a29db88d246ea74e047e05571b65aa86f,query-engine,16983000
2023-07-03T15:00:27+00:00,main,43aefb4a29db88d246ea74e047e05571b65aa86f,libquery_engine.node,14821512
2023-07-04T08:20:08+00:00,main,934b86935e022ea256d4a688a60ff540489f6489,query-engine,16983000
2023-07-04T08:20:08+00:00,main,934b86935e022ea256d4a688a60ff540489f6489,libquery_engine.node,14821512
2023-07-05T09:10:11+00:00,main,a6324410622b51700b1f574eeca057c71b1a3c5a,query-engine,17022008
2023-07-05T09:10:11+00:00,main,a6324410622b51700b1f574eeca057c71b1a3c5a,libquery_engine.node,14872792
2023-07-05T17:18:01+00:00,main,eac90b24528fc540a7549eac798e4fde23cb7472,query-engine,17022008
2023-07-05T17:18:01+00:00,main,eac90b24528fc540a7549eac798e4fde23cb7472,libquery_engine.node,14872792
2023-07-06T17:55:05+00:00,main,e992c91512a236fad14c1961a7e0cb10f43f6f5c,query-engine,17022008
2023-07-06T17:55:05+00:00,main,e992c91512a236fad14c1961a7e0cb10f43f6f5c,libquery_engine.node,14872792
2023-07-07T13:58:02+00:00,main,5f09abedf63bf38cdf856d38d49c0699b1f0002b,query-engine,17022008
2023-07-07T13:58:02+00:00,main,5f09abedf63bf38cdf856d38d49c0699b1f0002b,libquery_engine.node,14872792
2023-07-10T12:37:21+00:00,main,6b0aef69b7cdfc787f822ecd7cdc76d5f1991584,query-engine,17022008
2023-07-10T12:37:21+00:00,main,6b0aef69b7cdfc787f822ecd7cdc76d5f1991584,libquery_engine.node,14872792
2023-07-12T16:52:58+00:00,main,96f20d9708e206998e24cf78c7cfac4d7506308e,query-engine,17034296
2023-07-12T16:52:58+00:00,main,96f20d9708e206998e24cf78c7cfac4d7506308e,libquery_engine.node,14880984
2023-07-14T15:31:25+00:00,main,0b746fef790fd12bc5b02f4f8bad292b33ddb485,query-engine,17030200
2023-07-14T15:31:25+00:00,main,0b746fef790fd12bc5b02f4f8bad292b33ddb485,libquery_engine.node,14876888
2023-07-17T12:03:49+00:00,main,ca77439d4c839c34ca561d3dad56d579c8914f01,query-engine,17030200
2023-07-17T12:03:49+00:00,main,ca77439d4c839c34ca561d3dad56d579c8914f01,libquery_engine.node,14876888
2023-07-17T13:28:31+00:00,main,e06258de9546caf4a1ab746f2d424a13b67dbb5a,query-engine,17026104
2023-07-17T13:28:31+00:00,main,e06258de9546caf4a1ab746f2d424a13b67dbb5a,libquery_engine.node,14872792
2023-07-18T10:08:18+00:00,main,6bdd55c4e16f8250d90a95040a04253d43f7abcd,query-engine,17026104
2023-07-18T10:08:18+00:00,main,6bdd55c4e16f8250d90a95040a04253d43f7abcd,libquery_engine.node,14872792
2023-07-18T13:25:57+00:00,main,b182127de581d0bf6ec89152a6e2fb4652be0f0a,query-engine,17026104
2023-07-18T13:25:57+00:00,main,b182127de581d0bf6ec89152a6e2fb4652be0f0a,libquery_engine.node,14872792
2023-07-20T13:08:12+00:00,main,4a1c72356ffb884a5752157c21d8bac67afd1720,query-engine,17026104
2023-07-20T13:08:12+00:00,main,4a1c72356ffb884a5752157c21d8bac67afd1720,libquery_engine.node,14880984
2023-07-24T08:28:44+00:00,main,6a4762d4d94d9c5aa24faf7803734c9af7fa014f,query-engine,17026104
2023-07-24T08:28:44+00:00,main,6a4762d4d94d9c5aa24faf7803734c9af7fa014f,libquery_engine.node,14880984
2023-07-24T10:31:26+00:00,main,f5c61f9df66ef00aa3a3aee9cfd0d3775f5f0fa4,query-engine,17034296
2023-07-24T10:31:26+00:00,main,f5c61f9df66ef00aa3a3aee9cfd0d3775f5f0fa4,libquery_engine.node,14893272
2023-07-24T12:34:01+00:00,main,1548dc15e415a2298c25af9b04f33bba3d28b998,query-engine,17038392
2023-07-24T12:34:01+00:00,main,1548dc15e415a2298c25af9b04f33bba3d28b998,libquery_engine.node,14893272
2023-07-25T10:26:52+00:00,main,ecb5e33339ea427464f728202402a5a832eec339,query-engine,17058920
2023-07-25T10:26:52+00:00,main,ecb5e33339ea427464f728202402a5a832eec339,libquery_engine.node,14921992
2023-07-25T14:51:42+00:00,main,39ba9b27c64aa98bdb100cd0e4cac468d5585395,query-engine,17067192
2023-07-25T14:51:42+00:00,main,39ba9b27c64aa98bdb100cd0e4cac468d5585395,libquery_engine.node,14926216
2023-07-25T15:16:36+00:00,main,d317c7c169b96e8fdbf7890a4ca7a6b29e8a6f3f,query-engine,17067192
2023-07-25T15:16:36+00:00,main,d317c7c169b96e8fdbf7890a4ca7a6b29e8a6f3f,libquery_engine.node,14930312
2023-07-26T09:41:38+00:00,main,2a6ced8be614ff02ca9eace1487439fdcab9fac5,query-engine,17067192
2023-07-26T09:41:38+00:00,main,2a6ced8be614ff02ca9eace1487439fdcab9fac5,libquery_engine.node,14930312
2023-07-27T15:16:23+00:00,main,4b132e0d5319952d155d8bbe2ba802464ebf8c6e,query-engine,17067192
2023-07-27T15:16:23+00:00,main,4b132e0d5319952d155d8bbe2ba802464ebf8c6e,libquery_engine.node,14934408
2023-07-28T11:43:06+00:00,main,91090c19d2fc7aa7b7dcf9e871e1fccd2a8503c8,query-engine,17091768
2023-07-28T11:43:06+00:00,main,91090c19d2fc7aa7b7dcf9e871e1fccd2a8503c8,libquery_engine.node,14963080
2023-07-28T13:08:31+00:00,main,b3db4bffa56568af245d4fc26e1ff72defba72fb,query-engine,17091768
2023-07-28T13:08:31+00:00,main,b3db4bffa56568af245d4fc26e1ff72defba72fb,libquery_engine.node,14963080
2023-07-31T08:02:14+00:00,main,2650ebde0c9e24678112900883012807b7d4dfc8,query-engine,17091768
2023-07-31T08:02:14+00:00,main,2650ebde0c9e24678112900883012807b7d4dfc8,libquery_engine.node,14963080
2023-07-31T14:08:18+00:00,main,a9b7003df90aa623086e4d6f4e43c72468e6339b,query-engine,17091768
2023-07-31T14:08:18+00:00,main,a9b7003df90aa623086e4d6f4e43c72468e6339b,libquery_engine.node,14963080
2023-08-02T14:47:55+00:00,main,4ff176ded76de0f2a87d704bf27d7845650f3104,query-engine,17091768
2023-08-02T14:47:55+00:00,main,4ff176ded76de0f2a87d704bf27d7845650f3104,libquery_engine.node,14963080
2023-08-03T08:39:43+00:00,main,8f598f60a13202cbe01e379be5c36d65d08f09b8,query-engine,17091768
2023-08-03T08:39:43+00:00,main,8f598f60a13202cbe01e379be5c36d65d08f09b8,libquery_engine.node,14967176
2023-08-04T12:57:46+00:00,main,b93b47344b922380cd21417dfdb68c1a0b224594,query-engine,17099960
2023-08-04T12:57:46+00:00,main,b93b47344b922380cd21417dfdb68c1a0b224594,libquery_engine.node,14983560
2023-08-04T18:53:13+00:00,main,4189690eafe0ceb8b47e5ec48c5dded56e043430,query-engine,17099960
2023-08-04T18:53:13+00:00,main,4189690eafe0ceb8b47e5ec48c5dded56e043430,libquery_engine.node,14983560
2023-08-07T09:50:47+00:00,main,323b794517ed4b92f1969c3bf4b7e1c88170988f,query-engine,17099960
2023-08-07T09:50:47+00:00,main,323b794517ed4b92f1969c3bf4b7e1c88170988f,libquery_engine.node,14987656
2023-08-07T13:56:01+00:00,main,3b74ba351abfefd10f3da2b8af3c7ed7658f8d30,query-engine,17104072
2023-08-07T13:56:01+00:00,main,3b74ba351abfefd10f3da2b8af3c7ed7658f8d30,libquery_engine.node,14987688
2023-08-07T23:32:23+00:00,main,e85ce3aca7f93a88980847499cf3e6bfee4b2b69,query-engine,17104072
2023-08-07T23:32:23+00:00,main,e85ce3aca7f93a88980847499cf3e6bfee4b2b69,libquery_engine.node,14987688
2023-08-08T10:35:22+00:00,main,4e0f401e3ee5b98f2539422b688a87b167c7adec,query-engine,17104072
2023-08-08T10:35:22+00:00,main,4e0f401e3ee5b98f2539422b688a87b167c7adec,libquery_engine.node,14987688
2023-08-08T12:37:37+00:00,main,72e483371c97d235868eb0cffe89118c47c96bb4,query-engine,17104072
2023-08-08T12:37:37+00:00,main,72e483371c97d235868eb0cffe89118c47c96bb4,libquery_engine.node,14987688
2023-08-09T13:07:35+00:00,main,5dfedd162db49b874318a377708f206bf3bdb3ca,query-engine,17104072
2023-08-09T13:07:35+00:00,main,5dfedd162db49b874318a377708f206bf3bdb3ca,libquery_engine.node,14991784
2023-08-09T15:14:33+00:00,main,ca2cd60ab117f09113c89bcdf584b2c9b2e39cce,query-engine,17104072
2023-08-09T15:14:33+00:00,main,ca2cd60ab117f09113c89bcdf584b2c9b2e39cce,libquery_engine.node,14991784
2023-08-09T15:31:50+00:00,main,13663010eb768a16c965c83f98b9b563d4866a14,query-engine,17104072
2023-08-09T15:31:50+00:00,main,13663010eb768a16c965c83f98b9b563d4866a14,libquery_engine.node,14991784
2023-08-10T13:01:42+00:00,main,9fe3fe474102fcbb680f0079a028fe304b7bf3f0,query-engine,17104072
2023-08-10T13:01:42+00:00,main,9fe3fe474102fcbb680f0079a028fe304b7bf3f0,libquery_engine.node,14991784
2023-08-14T08:54:46+00:00,main,4bac8fc2475e8f118ee056904425d6a847ed4676,query-engine,17690312
2023-08-14T08:54:46+00:00,main,4bac8fc2475e8f118ee056904425d6a847ed4676,libquery_engine.node,15450872
2023-08-14T09:29:24+00:00,main,aec118af56046cbc736387cdd4903097906c4255,query-engine,17690312
2023-08-14T09:29:24+00:00,main,aec118af56046cbc736387cdd4903097906c4255,libquery_engine.node,15450872
2023-08-15T08:14:18+00:00,main,8010039e515d9583fe9bbc3784e5611937eb419a,query-engine,17690312
2023-08-15T08:14:18+00:00,main,8010039e515d9583fe9bbc3784e5611937eb419a,libquery_engine.node,15450872
2023-08-15T09:21:15+00:00,main,a20f5b4ad6a06b61f34d0e55b47f22ae99b70211,query-engine,17690312
2023-08-15T09:21:15+00:00,main,a20f5b4ad6a06b61f34d0e55b47f22ae99b70211,libquery_engine.node,15450872
2023-08-16T13:46:41+00:00,main,5f5f05f0ad19414db3359ad9abb14bca315017b3,query-engine,17694408
2023-08-16T13:46:41+00:00,main,5f5f05f0ad19414db3359ad9abb14bca315017b3,libquery_engine.node,15459064
2023-08-16T15:50:25+00:00,main,be8d0a6d55ca9598bb45d76c8f9490c144eb99fe,query-engine,17694408
2023-08-16T15:50:25+00:00,main,be8d0a6d55ca9598bb45d76c8f9490c144eb99fe,libquery_engine.node,15459064
2023-08-17T10:31:03+00:00,main,0d2ee4d3fe757d532d33fc6f961d61b74f110395,query-engine,17694408
2023-08-17T10:31:03+00:00,main,0d2ee4d3fe757d532d33fc6f961d61b74f110395,libquery_engine.node,15459064
2023-08-17T16:32:38+00:00,main,1071f46b469e8756c48d0a5f9f6502c881d7c8a7,query-engine,17694408
2023-08-17T16:32:38+00:00,main,1071f46b469e8756c48d0a5f9f6502c881d7c8a7,libquery_engine.node,15459064
2023-08-18T10:51:42+00:00,main,0bc8ee687eb17771fa7ca5167bcad38f8f2d0847,query-engine,17694408
2023-08-18T10:51:42+00:00,main,0bc8ee687eb17771fa7ca5167bcad38f8f2d0847,libquery_engine.node,15500024
2023-08-21T12:20:58+00:00,main,2804dc98259d2ea960602aca6b8e7fdc03c1758f,query-engine,17694408
2023-08-21T12:20:58+00:00,main,2804dc98259d2ea960602aca6b8e7fdc03c1758f,libquery_engine.node,15500024
2023-08-22T10:38:30+00:00,main,9c82a056155c1fe0073f890e79665a318bfa615f,query-engine,17694408
2023-08-22T10:38:30+00:00,main,9c82a056155c1fe0073f890e79665a318bfa615f,libquery_engine.node,15500024
2023-08-22T11:55:20+00:00,main,98bd6d18365f86d632686c26d1b26d8e054c67fb,query-engine,17694408
2023-08-22T11:55:20+00:00,main,98bd6d18365f86d632686c26d1b26d8e054c67fb,libquery_engine.node,15500024
2023-08-22T16:39:29+00:00,main,3627f6a934756969c8af062d734c4fc8812b8c1b,query-engine,17694408
2023-08-22T16:39:29+00:00,main,3627f6a934756969c8af062d734c4fc8812b8c1b,libquery_engine.node,15500024
2023-08-23T11:43:27+00:00,main,36f92fe21d1f83d8e47fa7d662ab64ddcff6e493,query-engine,17694408
2023-08-23T11:43:27+00:00,main,36f92fe21d1f83d8e47fa7d662ab64ddcff6e493,libquery_engine.node,15500024
2023-08-23T14:28:53+00:00,main,bd379f6aac9e3c2e1f06daba334366d8b7b3c45e,query-engine,17694408
2023-08-23T14:28:53+00:00,main,bd379f6aac9e3c2e1f06daba334366d8b7b3c45e,libquery_engine.node,15500024
